{
    "root_group": {
        "checks": {
            "join HTTP 200": {
                "name": "join HTTP 200",
                "path": "::join HTTP 200",
                "id": "35f4cc0f2b50dbce3a0269e9682778ff",
                "passes": 58360,
                "fails": 0
            }
        },
        "name": "",
        "path": "",
        "id": "d41d8cd98f00b204e9800998ecf8427e",
        "groups": {}
    },
    "metrics": {
        "http_reqs": {
            "count": 58360,
            "rate": 194.40951935262814
        },
        "iteration_duration": {
            "p(99)": 201.04674282,
            "avg": 102.79636145433435,
            "min": 1.340596,
            "med": 102.64591300000001,
            "max": 376.709597,
            "p(90)": 183.1187144,
            "p(95)": 192.91286489999996
        },
        "http_req_duration": {
            "min": 0.759595,
            "med": 1.8715975,
            "max": 195.432842,
            "p(90)": 3.06626,
            "p(95)": 3.552138449999998,
            "p(99)": 4.809830419999997,
            "avg": 2.120896089067852,
            "thresholds": {
                "p(95)<700": false,
                "p(99)<1200": false
            }
        },
        "http_req_tls_handshaking": {
            "p(99)": 0,
            "avg": 0,
            "min": 0,
            "med": 0,
            "max": 0,
            "p(90)": 0,
            "p(95)": 0
        },
        "http_req_sending": {
            "p(99)": 0.1361947999999997,
            "avg": 0.043326287217271844,
            "min": 0.00509,
            "med": 0.025259,
            "max": 22.624304,
            "p(90)": 0.069013,
            "p(95)": 0.08429205000000001
        },
        "data_received": {
            "count": 11040560,
            "rate": 36778.443505549214
        },
        "http_req_failed": {
            "passes": 0,
            "fails": 58360,
            "thresholds": {
                "rate<0.05": false
            },
            "value": 0
        },
        "data_sent": {
            "count": 10621520,
            "rate": 35382.53252217832
        },
        "checks": {
            "passes": 58360,
            "fails": 0,
            "thresholds": {
                "rate>0.95": false
            },
            "value": 1
        },
        "join_rejected": {
            "count": 57960,
            "rate": 193.07703464150663
        },
        "http_req_connecting": {
            "med": 0,
            "max": 23.80214,
            "p(90)": 0,
            "p(95)": 0,
            "p(99)": 0.42926505999998765,
            "avg": 0.008288207265250173,
            "min": 0
        },
        "http_req_blocked": {
            "p(99)": 0.4908921299999928,
            "avg": 0.017803910538039654,
            "min": 0.001373,
            "med": 0.006433,
            "max": 24.725108,
            "p(90)": 0.011583,
            "p(95)": 0.014929
        },
        "join_accepted": {
            "count": 400,
            "rate": 1.3324847111215088
        },
        "http_req_waiting": {
            "max": 173.090663,
            "p(90)": 2.878537,
            "p(95)": 3.353419649999999,
            "p(99)": 4.55596849,
            "avg": 1.9854691933173312,
            "min": 0.70978,
            "med": 1.750312
        },
        "vus": {
            "value": 20,
            "min": 20,
            "max": 20
        },
        "join_valid_status_rate": {
            "passes": 58360,
            "fails": 0,
            "thresholds": {
                "rate>0.95": false
            },
            "value": 1
        },
        "iterations": {
            "count": 58360,
            "rate": 194.40951935262814
        },
        "vus_max": {
            "value": 20,
            "min": 20,
            "max": 20
        },
        "http_req_duration{expected_response:true}": {
            "avg": 2.120896089067852,
            "min": 0.759595,
            "med": 1.8715975,
            "max": 195.432842,
            "p(90)": 3.06626,
            "p(95)": 3.552138449999998,
            "p(99)": 4.809830419999997
        },
        "http_req_receiving": {
            "med": 0.077379,
            "max": 4.147493,
            "p(90)": 0.1542271,
            "p(95)": 0.19480699999999992,
            "p(99)": 0.32175110999999934,
            "avg": 0.09210060853324278,
            "min": 0.007545
        }
    }
}