{
    "root_group": {
        "name": "",
        "path": "",
        "id": "d41d8cd98f00b204e9800998ecf8427e",
        "groups": {},
        "checks": {
                "join HTTP 200": {
                    "fails": 0,
                    "name": "join HTTP 200",
                    "path": "::join HTTP 200",
                    "id": "35f4cc0f2b50dbce3a0269e9682778ff",
                    "passes": 58067
                }
            }
    },
    "metrics": {
        "join_rejected": {
            "count": 57667,
            "rate": 192.13133548367554
        },
        "join_accepted": {
            "count": 400,
            "rate": 1.3326952016486069
        },
        "http_req_connecting": {
            "avg": 0.012623414865586307,
            "min": 0,
            "med": 0,
            "max": 84.027435,
            "p(90)": 0,
            "p(95)": 0,
            "p(99)": 0.4343553399999785
        },
        "http_req_duration{expected_response:true}": {
            "max": 379.296003,
            "p(90)": 3.3798458,
            "p(95)": 3.847615999999998,
            "p(99)": 5.405103639999959,
            "avg": 2.593380803020632,
            "min": 1.006492,
            "med": 2.151551
        },
        "http_req_tls_handshaking": {
            "med": 0,
            "max": 0,
            "p(90)": 0,
            "p(95)": 0,
            "p(99)": 0,
            "avg": 0,
            "min": 0
        },
        "vus_max": {
            "value": 20,
            "min": 20,
            "max": 20
        },
        "http_req_sending": {
            "p(90)": 0.065847,
            "p(95)": 0.080144,
            "p(99)": 0.12946039999999978,
            "avg": 0.033989205176778135,
            "min": 0.00513,
            "med": 0.023356,
            "max": 3.59251
        },
        "http_req_waiting": {
            "min": 0.944462,
            "med": 2.033603,
            "max": 376.761583,
            "p(90)": 3.1967614,
            "p(95)": 3.6569303,
            "p(99)": 5.137131539999999,
            "avg": 2.4619107764823607
        },
        "iterations": {
            "count": 58067,
            "rate": 193.46403068532416
        },
        "http_reqs": {
            "count": 58067,
            "rate": 193.46403068532416
        },
        "http_req_blocked": {
            "med": 0.006452,
            "max": 84.092992,
            "p(90)": 0.011552,
            "p(95)": 0.015136299999999974,
            "p(99)": 0.5164896199999969,
            "avg": 0.021643620059586505,
            "min": 0.000682
        },
        "http_req_receiving": {
            "p(95)": 0.19016399999999997,
            "p(99)": 0.31272247999999714,
            "avg": 0.09748082136153094,
            "min": 0.008065,
            "med": 0.074594,
            "max": 102.437928,
            "p(90)": 0.149238
        },
        "checks": {
            "passes": 58067,
            "fails": 0,
            "thresholds": {
                "rate>0.95": false
            },
            "value": 1
        },
        "join_valid_status_rate": {
            "passes": 58067,
            "fails": 0,
            "thresholds": {
                "rate>0.95": false
            },
            "value": 1
        },
        "vus": {
            "value": 20,
            "min": 20,
            "max": 20
        },
        "iteration_duration": {
            "p(99)": 201.41565808,
            "avg": 103.31114927115183,
            "min": 1.524822,
            "med": 103.134793,
            "max": 568.658084,
            "p(90)": 183.6261302,
            "p(95)": 193.463866
        },
        "http_req_duration": {
            "p(90)": 3.3798458,
            "p(95)": 3.847615999999998,
            "p(99)": 5.405103639999959,
            "avg": 2.593380803020632,
            "min": 1.006492,
            "med": 2.151551,
            "max": 379.296003,
            "thresholds": {
                "p(95)<700": false,
                "p(99)<1200": false
            }
        },
        "http_req_failed": {
            "passes": 0,
            "fails": 58067,
            "thresholds": {
                "rate<0.05": false
            },
            "value": 0
        },
        "data_sent": {
            "count": 10568194,
            "rate": 35210.453584728995
        },
        "data_received": {
            "count": 10985176,
            "rate": 36599.728361163594
        }
    }
}