{
    "root_group": {
        "name": "",
        "path": "",
        "id": "d41d8cd98f00b204e9800998ecf8427e",
        "groups": {},
        "checks": {
                "join HTTP 200": {
                    "passes": 56700,
                    "fails": 0,
                    "name": "join HTTP 200",
                    "path": "::join HTTP 200",
                    "id": "35f4cc0f2b50dbce3a0269e9682778ff"
                }
            }
    },
    "metrics": {
        "http_req_blocked": {
            "p(95)": 0.02207344999999996,
            "p(99)": 0.7576228200000021,
            "avg": 0.02796118546737222,
            "min": 0.002365,
            "med": 0.009959,
            "max": 9.957159,
            "p(90)": 0.018005
        },
        "http_req_sending": {
            "avg": 0.0597905712345673,
            "min": 0.007654,
            "med": 0.044155,
            "max": 4.376577,
            "p(90)": 0.107067,
            "p(95)": 0.12970099999999993,
            "p(99)": 0.20891599000000038
        },
        "iteration_duration": {
            "p(90)": 185.6171221,
            "p(95)": 195.64568005,
            "p(99)": 203.55875592,
            "avg": 105.77469407846613,
            "min": 2.837005,
            "med": 106.190436,
            "max": 440.203222
        },
        "http_reqs": {
            "count": 56700,
            "rate": 188.9045165579319
        },
        "join_rejected": {
            "count": 56310,
            "rate": 187.60517332234824
        },
        "http_req_waiting": {
            "med": 3.4868935,
            "max": 259.4854,
            "p(90)": 5.7356058999999995,
            "p(95)": 7.133328899999998,
            "p(99)": 12.571768650000005,
            "avg": 4.182347109717765,
            "min": 1.361287
        },
        "iterations": {
            "count": 56700,
            "rate": 188.9045165579319
        },
        "http_req_failed": {
            "passes": 0,
            "fails": 56700,
            "thresholds": {
                "rate<0.05": false
            },
            "value": 0
        },
        "http_req_connecting": {
            "p(99)": 0.6292105200000115,
            "avg": 0.013939203474426818,
            "min": 0,
            "med": 0,
            "max": 9.872445,
            "p(90)": 0,
            "p(95)": 0
        },
        "vus_max": {
            "value": 20,
            "min": 20,
            "max": 20
        },
        "http_req_tls_handshaking": {
            "p(99)": 0,
            "avg": 0,
            "min": 0,
            "med": 0,
            "max": 0,
            "p(90)": 0,
            "p(95)": 0
        },
        "vus": {
            "value": 20,
            "min": 20,
            "max": 20
        },
        "checks": {
            "passes": 56700,
            "fails": 0,
            "thresholds": {
                "rate>0.95": false
            },
            "value": 1
        },
        "http_req_duration{expected_response:true}": {
            "p(95)": 7.573771649999998,
            "p(99)": 13.44170051000001,
            "avg": 4.435314499347446,
            "min": 1.41538,
            "med": 3.694238,
            "max": 375.65179,
            "p(90)": 6.1089999
        },
        "data_sent": {
            "count": 10319400,
            "rate": 34380.62201354361
        },
        "data_received": {
            "count": 10726562,
            "rate": 35737.14301479159
        },
        "http_req_duration": {
            "avg": 4.435314499347446,
            "min": 1.41538,
            "med": 3.694238,
            "max": 375.65179,
            "p(90)": 6.1089999,
            "p(95)": 7.573771649999998,
            "p(99)": 13.44170051000001,
            "thresholds": {
                "p(95)<700": false,
                "p(99)<1200": false
            }
        },
        "join_valid_status_rate": {
            "passes": 56700,
            "fails": 0,
            "thresholds": {
                "rate>0.95": false
            },
            "value": 1
        },
        "join_accepted": {
            "count": 390,
            "rate": 1.2993432355836585
        },
        "http_req_receiving": {
            "p(95)": 0.38651689999999994,
            "p(99)": 0.9762091300000033,
            "avg": 0.19317681839506115,
            "min": 0.016161,
            "med": 0.133327,
            "max": 138.89054,
            "p(90)": 0.2882179
        }
    }
}